{"test/loss_mlp":0.6625330395336393,"train/rmse":0.7991870033481806,"train/loss_autoencoder":0.11443711720595631,"_timestamp":1.7451092009303691e+09,"test/loss_autoencoder":0.11410184232871744,"_runtime":7122.025487,"_wandb":{"runtime":7122},"train/mae":0.609891723984448,"test/loss_total":0.776634879504578,"_step":399,"train/loss_mlp":0.6390362212175056,"train/loss_total":0.7534733386356619,"epoch":200,"test/mae":0.6171662381746692,"test/rmse":0.8141643153230749}